circRNA,disease,mean_importance,std_importance,n_explanations,rank
cdr1as,nasopharyngeal carcinoma,0.27880592197179793,0.20416364459433617,20,1
cdr1as,osteosarcoma,0.27880592197179793,0.20416364459433617,20,2
cdr1as,stomach neoplasms,0.27880592197179793,0.20416364459433617,20,3
cdr1as,urinary bladder neoplasms,0.27880592197179793,0.20416364459433617,20,4
cdr1as,squamous cell carcinoma of head and neck,0.27880592197179793,0.20416364459433617,20,5
circ-itch,lung neoplasms,0.26860790997743605,0.17455781091209427,20,6
circ-itch,osteosarcoma,0.26860790997743605,0.17455781091209427,20,7
circ-itch,ovarian neoplasms,0.26860790997743605,0.17455781091209427,20,8
circ-itch,prostatic neoplasms,0.26860790997743605,0.17455781091209427,20,9
circ-itch,"thyroid cancer, papillary",0.26860790997743605,0.17455781091209427,20,10
circ-itch,triple negative breast neoplasms,0.26860790997743605,0.17455781091209427,20,11
circ-itch,urinary bladder neoplasms,0.26860790997743605,0.17455781091209427,20,12
circ-itch,uterine cervical neoplasms,0.26860790997743605,0.17455781091209427,20,13
circ-itch,colorectal neoplasms,0.26860790997743605,0.17455781091209427,20,14
circ-cbfb,"leukemia, lymphocytic, chronic, b-cell",0.2442265883088112,0.1432682781760278,20,15
bcrc-3,urinary bladder neoplasms,0.2442265883088112,0.1432682781760278,20,16
cir-ccdc66,hirschsprung disease,0.2442265883088112,0.1432682781760278,20,17
circ-abcb10,breast neoplasms,0.2442265883088112,0.1432682781760278,20,18
circ-abcb10,"carcinoma, hepatocellular",0.2442265883088112,0.1432682781760278,20,19
circ-abcb10,"carcinoma, ovarian epithelial",0.2442265883088112,0.1432682781760278,20,20
circ-abcb10,lung neoplasms,0.2442265883088112,0.1432682781760278,20,21
circ-adam9,pancreatic neoplasms,0.2442265883088112,0.1432682781760278,20,22
circ-akt3,"carcinoma, renal cell",0.2442265883088112,0.1432682781760278,20,23
circ-akt3,lung neoplasms,0.2442265883088112,0.1432682781760278,20,24
circ-anapc7,"leukemia, myeloid, acute",0.2442265883088112,0.1432682781760278,20,25
circ-ash2l,"carcinoma, pancreatic ductal",0.2442265883088112,0.1432682781760278,20,26
circ-atp8a2,uterine cervical neoplasms,0.2442265883088112,0.1432682781760278,20,27
circ-banp,lung neoplasms,0.2442265883088112,0.1432682781760278,20,28
hsa_circrna_102101,active tuberculosis,0.2442265883088112,0.1432682781760278,20,29
circ-cdc45,glioma,0.2442265883088112,0.1432682781760278,20,30
circ-cdyl,breast neoplasms,0.2442265883088112,0.1432682781760278,20,31
circ-cdyl,"carcinoma, hepatocellular",0.2442265883088112,0.1432682781760278,20,32
circ-cdyl,colonic neoplasms,0.2442265883088112,0.1432682781760278,20,33
circ-cep85l,stomach neoplasms,0.2442265883088112,0.1432682781760278,20,34
circ-cspp1,ovarian neoplasms,0.2442265883088112,0.1432682781760278,20,35
circ-dcaf6,stomach neoplasms,0.2442265883088112,0.1432682781760278,20,36
circ-dicer1,glioma,0.2442265883088112,0.1432682781760278,20,37
circ-eif4g3,stomach neoplasms,0.2442265883088112,0.1432682781760278,20,38
circ-eno1,adenocarcinoma of lung,0.2442265883088112,0.1432682781760278,20,39
circ-ezh2,glioma,0.2442265883088112,0.1432682781760278,20,40
circ-fam53b,ovarian neoplasms,0.2442265883088112,0.1432682781760278,20,41
circ-foxm1,"carcinoma, non-small-cell lung",0.2442265883088112,0.1432682781760278,20,42
circ-foxm1,"thyroid cancer, papillary",0.2442265883088112,0.1432682781760278,20,43
circ-foxo3,"carcinoma, non-small-cell lung",0.2442265883088112,0.1432682781760278,20,44
circ-foxo3,glioblastoma,0.2442265883088112,0.1432682781760278,20,45
circ-foxo3,urinary bladder neoplasms,0.2442265883088112,0.1432682781760278,20,46
circ-foxp1,"carcinoma, hepatocellular",0.2442265883088112,0.1432682781760278,20,47
circ-iars,pancreatic neoplasms,0.2442265883088112,0.1432682781760278,20,48
circ-lamp1,precursor t-cell lymphoblastic leukemia-lymphoma,0.2442265883088112,0.1432682781760278,20,49
circ-ldlrad3,pancreatic neoplasms,0.2442265883088112,0.1432682781760278,20,50
circ-notch1,stomach neoplasms,0.2442265883088112,0.1432682781760278,20,51
circ-nsd2,colorectal neoplasms,0.2442265883088112,0.1432682781760278,20,52
circ-pax2,lung squamous cell carcinoma,0.2442265883088112,0.1432682781760278,20,53
circ-pde8a,pancreatic neoplasms,0.2442265883088112,0.1432682781760278,20,54
circ-pitx1,glioblastoma,0.2442265883088112,0.1432682781760278,20,55
circ-pitx1,glioma,0.2442265883088112,0.1432682781760278,20,56
circ-pkd2,squamous cell carcinoma of head and neck,0.2442265883088112,0.1432682781760278,20,57
circ-postn,glioma,0.2442265883088112,0.1432682781760278,20,58
circ-prkci,adenocarcinoma of lung,0.2442265883088112,0.1432682781760278,20,59
circ-prkci,"carcinoma, hepatocellular",0.2442265883088112,0.1432682781760278,20,60
circ-prkci,hirschsprung disease,0.2442265883088112,0.1432682781760278,20,61
circ-prmt5,bladder urothelial carcinoma,0.2442265883088112,0.1432682781760278,20,62
circ-prmt5,"carcinoma, hepatocellular",0.2442265883088112,0.1432682781760278,20,63
circ-prmt5,"carcinoma, non-small-cell lung",0.2442265883088112,0.1432682781760278,20,64
circ-prmt5,colorectal neoplasms,0.2442265883088112,0.1432682781760278,20,65
circ-prmt5,stomach neoplasms,0.2442265883088112,0.1432682781760278,20,66
circ-ptprz1,glioma,0.2442265883088112,0.1432682781760278,20,67
circ-rad23b,"carcinoma, non-small-cell lung",0.2442265883088112,0.1432682781760278,20,68
circ-rad23b,esophageal neoplasms,0.2442265883088112,0.1432682781760278,20,69
circ-rangap1,stomach neoplasms,0.2442265883088112,0.1432682781760278,20,70
circ-scarb1,squamous cell carcinoma of head and neck,0.2442265883088112,0.1432682781760278,20,71
circ-sox4,adenocarcinoma of lung,0.2442265883088112,0.1432682781760278,20,72
circ-tcf4.85,"carcinoma, hepatocellular",0.2442265883088112,0.1432682781760278,20,73
circ-ttbk2,glioma,0.2442265883088112,0.1432682781760278,20,74
circ-ube2d2,breast neoplasms,0.2442265883088112,0.1432682781760278,20,75
circ-vrk1,esophageal squamous cell carcinoma,0.2442265883088112,0.1432682781760278,20,76
circ-zeb1.33,"carcinoma, hepatocellular",0.2442265883088112,0.1432682781760278,20,77
circ-znf264,glioma,0.2442265883088112,0.1432682781760278,20,78
circ-znf609,colorectal neoplasms,0.2442265883088112,0.1432682781760278,20,79
circ-znf609,prostatic neoplasms,0.2442265883088112,0.1432682781760278,20,80
circ-znf652,"carcinoma, renal cell",0.2442265883088112,0.1432682781760278,20,81
circ2174,cholangiocarcinoma,0.2442265883088112,0.1432682781760278,20,82
circ_0002198,endometriosis,0.2442265883088112,0.1432682781760278,20,83
circ_0004712,endometriosis,0.2442265883088112,0.1432682781760278,20,84
circ_0043144,"vitreoretinopathy, proliferative",0.2442265883088112,0.1432682781760278,20,85
circ_101222,pre-eclampsia,0.2442265883088112,0.1432682781760278,20,86
circ_103124,crohn disease,0.2442265883088112,0.1432682781760278,20,87
circ_103546,crohn disease,0.2442265883088112,0.1432682781760278,20,88
circ_1639,"liver diseases, alcoholic",0.2442265883088112,0.1432682781760278,20,89
circ_aff2,hematopoiesis,0.2442265883088112,0.1432682781760278,20,90
circ_arf3,osteosarcoma,0.2442265883088112,0.1432682781760278,20,91
circ_cct4,"epilepsy, temporal lobe",0.2442265883088112,0.1432682781760278,20,92
circ_drosha,"epilepsy, temporal lobe",0.2442265883088112,0.1432682781760278,20,93
circ_efcab2,"epilepsy, temporal lobe",0.2442265883088112,0.1432682781760278,20,94
circ_katnal1,prostatic neoplasms,0.2442265883088112,0.1432682781760278,20,95
circ_orc2,osteosarcoma,0.2442265883088112,0.1432682781760278,20,96
circ_sdha,primary great saphenous vein varicosities,0.2442265883088112,0.1432682781760278,20,97
circ_specc1,stomach neoplasms,0.2442265883088112,0.1432682781760278,20,98
circ_stk17a,"epilepsy, temporal lobe",0.2442265883088112,0.1432682781760278,20,99
circ_ubqln1,"epilepsy, temporal lobe",0.2442265883088112,0.1432682781760278,20,100
circ_usp9y,"epilepsy, temporal lobe",0.2442265883088112,0.1432682781760278,20,101
circ_vps37c,"epilepsy, temporal lobe",0.2442265883088112,0.1432682781760278,20,102
circabcc2,"carcinoma, hepatocellular",0.2442265883088112,0.1432682781760278,20,103
circabcc4,prostatic neoplasms,0.2442265883088112,0.1432682781760278,20,104
circadamts13,"carcinoma, hepatocellular",0.2442265883088112,0.1432682781760278,20,105
circadamts13,liver neoplasms,0.2442265883088112,0.1432682781760278,20,106
circadamts14,"carcinoma, hepatocellular",0.2442265883088112,0.1432682781760278,20,107
circagfg1,"carcinoma, non-small-cell lung",0.2442265883088112,0.1432682781760278,20,108
circamotl1l,prostatic neoplasms,0.2442265883088112,0.1432682781760278,20,109
circankrd36,"diabetes mellitus, type 2",0.2442265883088112,0.1432682781760278,20,110
circanks1b,colorectal neoplasms,0.2442265883088112,0.1432682781760278,20,111
circasap1,"carcinoma, hepatocellular",0.2442265883088112,0.1432682781760278,20,112
circass1,breast neoplasms,0.2442265883088112,0.1432682781760278,20,113
circatrnl1,squamous cell carcinoma of head and neck,0.2442265883088112,0.1432682781760278,20,114
circatxn7,stomach neoplasms,0.2442265883088112,0.1432682781760278,20,115
circbach2,"thyroid cancer, papillary",0.2442265883088112,0.1432682781760278,20,116
circbirc6,"carcinoma, non-small-cell lung",0.2442265883088112,0.1432682781760278,20,117
circbmpr2,breast neoplasms,0.2442265883088112,0.1432682781760278,20,118
circcct3,colorectal neoplasms,0.2442265883088112,0.1432682781760278,20,119
circcep128,urinary bladder neoplasms,0.2442265883088112,0.1432682781760278,20,120
circclk3,uterine cervical neoplasms,0.2442265883088112,0.1432682781760278,20,121
circctdp1,urinary bladder neoplasms,0.2442265883088112,0.1432682781760278,20,122
circdennd4c,breast neoplasms,0.2442265883088112,0.1432682781760278,20,123
circdennd4c,colonic neoplasms,0.2442265883088112,0.1432682781760278,20,124
circdlgap4,ischemic stroke,0.2442265883088112,0.1432682781760278,20,125
circdock1,squamous cell carcinoma of head and neck,0.2442265883088112,0.1432682781760278,20,126
circdock1,urinary bladder neoplasms,0.2442265883088112,0.1432682781760278,20,127
circdync1h1,"carcinoma, hepatocellular",0.2442265883088112,0.1432682781760278,20,128
circehmt1,breast neoplasms,0.2442265883088112,0.1432682781760278,20,129
circeif4g2,uterine cervical neoplasms,0.2442265883088112,0.1432682781760278,20,130
circepsti1,osteosarcoma,0.2442265883088112,0.1432682781760278,20,131
circepsti1,ovarian neoplasms,0.2442265883088112,0.1432682781760278,20,132
circfarsa,"carcinoma, non-small-cell lung",0.2442265883088112,0.1432682781760278,20,133
circfat1,osteosarcoma,0.2442265883088112,0.1432682781760278,20,134
circfblim1,"carcinoma, hepatocellular",0.2442265883088112,0.1432682781760278,20,135
circfgfr1,"carcinoma, non-small-cell lung",0.2442265883088112,0.1432682781760278,20,136
circfgfr3,"carcinoma, non-small-cell lung",0.2442265883088112,0.1432682781760278,20,137
circfndc3b,urinary bladder neoplasms,0.2442265883088112,0.1432682781760278,20,138
circgfra1,lung neoplasms,0.2442265883088112,0.1432682781760278,20,139
circgfra1,ovarian neoplasms,0.2442265883088112,0.1432682781760278,20,140
circgucy1a2,prostatic neoplasms,0.2442265883088112,0.1432682781760278,20,141
circhiat1,"carcinoma, hepatocellular",0.2442265883088112,0.1432682781760278,20,142
circhiat1,"carcinoma, renal cell",0.2442265883088112,0.1432682781760278,20,143
circhiat1,stomach neoplasms,0.2442265883088112,0.1432682781760278,20,144
circhipk3,bladder urothelial carcinoma,0.2442265883088112,0.1432682781760278,20,145
circhipk3,breast neoplasms,0.2442265883088112,0.1432682781760278,20,146
circhipk3,"carcinoma, renal cell",0.2442265883088112,0.1432682781760278,20,147
circhipk3,gallbladder neoplasms,0.2442265883088112,0.1432682781760278,20,148
circhipk3,glioma,0.2442265883088112,0.1432682781760278,20,149
circhipk3,liver neoplasms,0.2442265883088112,0.1432682781760278,20,150
circhipk3,lung neoplasms,0.2442265883088112,0.1432682781760278,20,151
circhipk3,pancreatic neoplasms,0.2442265883088112,0.1432682781760278,20,152
circhipk3,prostatic neoplasms,0.2442265883088112,0.1432682781760278,20,153
circhipk3,stomach neoplasms,0.2442265883088112,0.1432682781760278,20,154
circhla-c,lupus nephritis,0.2442265883088112,0.1432682781760278,20,155
circibtk,"lupus erythematosus, systemic",0.2442265883088112,0.1432682781760278,20,156
circirak3,breast neoplasms,0.2442265883088112,0.1432682781760278,20,157
circitga7,colorectal neoplasms,0.2442265883088112,0.1432682781760278,20,158
circkdm4c,breast neoplasms,0.2442265883088112,0.1432682781760278,20,159
circkif4a,glioma,0.2442265883088112,0.1432682781760278,20,160
circkif4a,triple negative breast neoplasms,0.2442265883088112,0.1432682781760278,20,161
circlarp4,"carcinoma, hepatocellular",0.2442265883088112,0.1432682781760278,20,162
circlarp4,ovarian neoplasms,0.2442265883088112,0.1432682781760278,20,163
circlmtk2,prostatic neoplasms,0.2442265883088112,0.1432682781760278,20,164
circlpar1,urinary bladder neoplasms,0.2442265883088112,0.1432682781760278,20,165
circman2b2,"carcinoma, hepatocellular",0.2442265883088112,0.1432682781760278,20,166
circman2b2,glioma,0.2442265883088112,0.1432682781760278,20,167
circman2b2,lung neoplasms,0.2442265883088112,0.1432682781760278,20,168
circmat2b,"carcinoma, hepatocellular",0.2442265883088112,0.1432682781760278,20,169
circmllt10,stomach neoplasms,0.2442265883088112,0.1432682781760278,20,170
circmto1,"carcinoma, renal cell",0.2442265883088112,0.1432682781760278,20,171
circmto1,glioblastoma,0.2442265883088112,0.1432682781760278,20,172
circmto1,prostatic neoplasms,0.2442265883088112,0.1432682781760278,20,173
circmto1,rectal neoplasms,0.2442265883088112,0.1432682781760278,20,174
circmto1,stomach neoplasms,0.2442265883088112,0.1432682781760278,20,175
circmto1,urinary bladder neoplasms,0.2442265883088112,0.1432682781760278,20,176
circmto1,uterine cervical neoplasms,0.2442265883088112,0.1432682781760278,20,177
circmyc,melanoma,0.2442265883088112,0.1432682781760278,20,178
circmylk,"carcinoma, hepatocellular",0.2442265883088112,0.1432682781760278,20,179
circmylk,urinary bladder neoplasms,0.2442265883088112,0.1432682781760278,20,180
circmyo9b,breast neoplasms,0.2442265883088112,0.1432682781760278,20,181
circnasp,osteosarcoma,0.2442265883088112,0.1432682781760278,20,182
circnek6,thyroid neoplasms,0.2442265883088112,0.1432682781760278,20,183
circnf1,stomach neoplasms,0.2442265883088112,0.1432682781760278,20,184
circnr3c1,urinary bladder neoplasms,0.2442265883088112,0.1432682781760278,20,185
circnrip1,"carcinoma, renal cell",0.2442265883088112,0.1432682781760278,20,186
circnt5e,glioblastoma,0.2442265883088112,0.1432682781760278,20,187
circnup214,"thyroid cancer, papillary",0.2442265883088112,0.1432682781760278,20,188
circp4hb,"carcinoma, non-small-cell lung",0.2442265883088112,0.1432682781760278,20,189
circpan3,"leukemia, myeloid, acute",0.2442265883088112,0.1432682781760278,20,190
circpcnxl2,"carcinoma, renal cell",0.2442265883088112,0.1432682781760278,20,191
circpdss1,stomach neoplasms,0.2442265883088112,0.1432682781760278,20,192
circpicalm,urinary bladder neoplasms,0.2442265883088112,0.1432682781760278,20,193
circplekhm3,ovarian neoplasms,0.2442265883088112,0.1432682781760278,20,194
circplk1,triple negative breast neoplasms,0.2442265883088112,0.1432682781760278,20,195
circprrc2a,"carcinoma, renal cell",0.2442265883088112,0.1432682781760278,20,196
circpsmc3,stomach neoplasms,0.2442265883088112,0.1432682781760278,20,197
circptgr1,"carcinoma, hepatocellular",0.2442265883088112,0.1432682781760278,20,198
circptn,glioma,0.2442265883088112,0.1432682781760278,20,199
circptpn22,"lupus erythematosus, systemic",0.2442265883088112,0.1432682781760278,20,200
circptpra,"carcinoma, non-small-cell lung",0.2442265883088112,0.1432682781760278,20,201
circptpra,urinary bladder neoplasms,0.2442265883088112,0.1432682781760278,20,202
circpvt1,adenocarcinoma of lung,0.2442265883088112,0.1432682781760278,20,203
circpvt1,"carcinoma, non-small-cell lung",0.2442265883088112,0.1432682781760278,20,204
circpvt1,colorectal neoplasms,0.2442265883088112,0.1432682781760278,20,205
circpvt1,esophageal neoplasms,0.2442265883088112,0.1432682781760278,20,206
circpvt1,lung neoplasms,0.2442265883088112,0.1432682781760278,20,207
circpvt1,osteosarcoma,0.2442265883088112,0.1432682781760278,20,208
circpvt1,precursor cell lymphoblastic leukemia-lymphoma,0.2442265883088112,0.1432682781760278,20,209
circpvt1,squamous cell carcinoma of head and neck,0.2442265883088112,0.1432682781760278,20,210
circpvt1,stomach neoplasms,0.2442265883088112,0.1432682781760278,20,211
circrapgef5,"thyroid cancer, papillary",0.2442265883088112,0.1432682781760278,20,212
circrbm23,"carcinoma, hepatocellular",0.2442265883088112,0.1432682781760278,20,213
circrhobtb3,stomach neoplasms,0.2442265883088112,0.1432682781760278,20,214
circrhoc,ovarian neoplasms,0.2442265883088112,0.1432682781760278,20,215
circrhot1,pancreatic neoplasms,0.2442265883088112,0.1432682781760278,20,216
circrna-0001855,pre-eclampsia,0.2442265883088112,0.1432682781760278,20,217
circrna-0004904,pre-eclampsia,0.2442265883088112,0.1432682781760278,20,218
circrna-0044073,atherosclerosis,0.2442265883088112,0.1432682781760278,20,219
circrna-0067835,"epilepsy, temporal lobe",0.2442265883088112,0.1432682781760278,20,220
circrna-acap2,colonic neoplasms,0.2442265883088112,0.1432682781760278,20,221
circrna-cer,breast neoplasms,0.2442265883088112,0.1432682781760278,20,222
circrna-chr19,"hemorrhagic fever, ebola",0.2442265883088112,0.1432682781760278,20,223
circrna.1030,"diabetes, gestational",0.2442265883088112,0.1432682781760278,20,224
circrna.20159,"diabetes, gestational",0.2442265883088112,0.1432682781760278,20,225
circrna6783,herpes simplex,0.2442265883088112,0.1432682781760278,20,226
circrna7231,herpes simplex,0.2442265883088112,0.1432682781760278,20,227
circrna7752,herpes simplex,0.2442265883088112,0.1432682781760278,20,228
circrna_000203,cardiac fibrosis,0.2442265883088112,0.1432682781760278,20,229
circrna_000543,nasopharyngeal carcinoma,0.2442265883088112,0.1432682781760278,20,230
circrna_0005941,acne vulgaris,0.2442265883088112,0.1432682781760278,20,231
circrna_000911,breast neoplasms,0.2442265883088112,0.1432682781760278,20,232
circrna_001569,stomach neoplasms,0.2442265883088112,0.1432682781760278,20,233
circrna_0016624,"osteoporosis, postmenopausal",0.2442265883088112,0.1432682781760278,20,234
circrna_0018168,acne vulgaris,0.2442265883088112,0.1432682781760278,20,235
circrna_003524,"arthritis, rheumatoid",0.2442265883088112,0.1432682781760278,20,236
circrna_0046366,hepatocellular steatosis,0.2442265883088112,0.1432682781760278,20,237
circrna_0047905,stomach neoplasms,0.2442265883088112,0.1432682781760278,20,238
circrna_0072309,liver neoplasms,0.2442265883088112,0.1432682781760278,20,239
circrna_0084043,melanoma,0.2442265883088112,0.1432682781760278,20,240
circrna_0084927,acne vulgaris,0.2442265883088112,0.1432682781760278,20,241
circrna_0086376,acne vulgaris,0.2442265883088112,0.1432682781760278,20,242
circrna_036186,squamous cell carcinoma of head and neck,0.2442265883088112,0.1432682781760278,20,243
circrna_092516,"arthritis, rheumatoid",0.2442265883088112,0.1432682781760278,20,244
circrna_09585,"tuberculosis, pulmonary",0.2442265883088112,0.1432682781760278,20,245
circrna_09993,"tuberculosis, pulmonary",0.2442265883088112,0.1432682781760278,20,246
circrna_100146,"carcinoma, non-small-cell lung",0.2442265883088112,0.1432682781760278,20,247
circrna_100284,liver neoplasms,0.2442265883088112,0.1432682781760278,20,248
circrna_100876,osteosarcoma,0.2442265883088112,0.1432682781760278,20,249
circrna_101873,"arthritis, rheumatoid",0.2442265883088112,0.1432682781760278,20,250
circrna_104670,intervertebral disc degeneration,0.2442265883088112,0.1432682781760278,20,251
circrna_104718,"carcinoma, hepatocellular",0.2442265883088112,0.1432682781760278,20,252
circrna_104871,"arthritis, rheumatoid",0.2442265883088112,0.1432682781760278,20,253
circrna_11017,rheumatic heart disease,0.2442265883088112,0.1432682781760278,20,254
circrna_11058,rheumatic heart disease,0.2442265883088112,0.1432682781760278,20,255
circrna_11109,rheumatic heart disease,0.2442265883088112,0.1432682781760278,20,256
circrna_13478,"tuberculosis, pulmonary",0.2442265883088112,0.1432682781760278,20,257
circrna_15698,diabetic nephropathies,0.2442265883088112,0.1432682781760278,20,258
circrna_8924,uterine cervical neoplasms,0.2442265883088112,0.1432682781760278,20,259
circrnf13,adenocarcinoma of lung,0.2442265883088112,0.1432682781760278,20,260
circrunx2,osteoporosis,0.2442265883088112,0.1432682781760278,20,261
circscaf11,glioma,0.2442265883088112,0.1432682781760278,20,262
circsema4b,intervertebral disc degeneration,0.2442265883088112,0.1432682781760278,20,263
circsept9,triple negative breast neoplasms,0.2442265883088112,0.1432682781760278,20,264
circslc3a2,"carcinoma, hepatocellular",0.2442265883088112,0.1432682781760278,20,265
circslc7a6,prostatic neoplasms,0.2442265883088112,0.1432682781760278,20,266
circslc8a1,cardiovascular diseases,0.2442265883088112,0.1432682781760278,20,267
circslc8a1,urinary bladder neoplasms,0.2442265883088112,0.1432682781760278,20,268
circsmarca5,"carcinoma, non-small-cell lung",0.2442265883088112,0.1432682781760278,20,269
circsmarca5,cardiovascular diseases,0.2442265883088112,0.1432682781760278,20,270
circsmo742,glioma,0.2442265883088112,0.1432682781760278,20,271
circtada2a-e6,triple negative breast neoplasms,0.2442265883088112,0.1432682781760278,20,272
circtcf25,osteosarcoma,0.2442265883088112,0.1432682781760278,20,273
circtlk1,ischemic stroke,0.2442265883088112,0.1432682781760278,20,274
circtnfrsf21,endometrial neoplasms,0.2442265883088112,0.1432682781760278,20,275
circtp63,lung squamous cell carcinoma,0.2442265883088112,0.1432682781760278,20,276
circtrim33-12,"carcinoma, hepatocellular",0.2442265883088112,0.1432682781760278,20,277
circubap2,esophageal squamous cell carcinoma,0.2442265883088112,0.1432682781760278,20,278
circubap2,lung neoplasms,0.2442265883088112,0.1432682781760278,20,279
circubxn7,urinary bladder neoplasms,0.2442265883088112,0.1432682781760278,20,280
circular rna wdr77,cardiovascular diseases,0.2442265883088112,0.1432682781760278,20,281
circusp45,glucocorticoid-induced osteonecrosis of femoral head,0.2442265883088112,0.1432682781760278,20,282
circvangl1,"carcinoma, non-small-cell lung",0.2442265883088112,0.1432682781760278,20,283
circvangl1,urinary bladder neoplasms,0.2442265883088112,0.1432682781760278,20,284
circwhsc1,ovarian neoplasms,0.2442265883088112,0.1432682781760278,20,285
circyap1,stomach neoplasms,0.2442265883088112,0.1432682781760278,20,286
circzc3h4,silicosis,0.2442265883088112,0.1432682781760278,20,287
circzfr,"carcinoma, hepatocellular",0.2442265883088112,0.1432682781760278,20,288
circzfr,stomach neoplasms,0.2442265883088112,0.1432682781760278,20,289
circzfr,"thyroid cancer, papillary",0.2442265883088112,0.1432682781760278,20,290
circzfr,urinary bladder neoplasms,0.2442265883088112,0.1432682781760278,20,291
cirs-133,stomach neoplasms,0.2442265883088112,0.1432682781760278,20,292
cirs-6,urinary bladder neoplasms,0.2442265883088112,0.1432682781760278,20,293
cmras,adenocarcinoma of lung,0.2442265883088112,0.1432682781760278,20,294
ctfrc,urinary bladder neoplasms,0.2442265883088112,0.1432682781760278,20,295
cttn1,heart failure,0.2442265883088112,0.1432682781760278,20,296
cttn2,heart failure,0.2442265883088112,0.1432682781760278,20,297
cttn4,heart failure,0.2442265883088112,0.1432682781760278,20,298
cttn5,heart failure,0.2442265883088112,0.1432682781760278,20,299
cznf292,heart failure,0.2442265883088112,0.1432682781760278,20,300
czranb1,retinal neurodegeneration,0.2442265883088112,0.1432682781760278,20,301
has-circrna_0046367,fatty liver,0.2442265883088112,0.1432682781760278,20,302
has_circ_0049220,"lupus erythematosus, systemic",0.2442265883088112,0.1432682781760278,20,303
hsa-circ-000595,aortic aneurysm,0.2442265883088112,0.1432682781760278,20,304
hsa-circ-0008139,hypertension,0.2442265883088112,0.1432682781760278,20,305
hsa-circ-0040809,hypertension,0.2442265883088112,0.1432682781760278,20,306
hsa-circrna-102685,crohn disease,0.2442265883088112,0.1432682781760278,20,307
hsa-circrna11783-2,coronary artery disease,0.2442265883088112,0.1432682781760278,20,308
hsa-circrna11783-2,"diabetes mellitus, type 2",0.2442265883088112,0.1432682781760278,20,309
hsa-circrna5974-1,coronary artery disease,0.2442265883088112,0.1432682781760278,20,310
hsa_circ6510-1,coronary artery disease,0.2442265883088112,0.1432682781760278,20,311
hsa_circ6510-1,"diabetes mellitus, type 2",0.2442265883088112,0.1432682781760278,20,312
hsa_circ_0000003,"carcinoma, non-small-cell lung",0.2442265883088112,0.1432682781760278,20,313
hsa_circ_0000073,breast neoplasms,0.2442265883088112,0.1432682781760278,20,314
hsa_circ_0000092,"carcinoma, hepatocellular",0.2442265883088112,0.1432682781760278,20,315
hsa_circ_0000140,squamous cell carcinoma of head and neck,0.2442265883088112,0.1432682781760278,20,316
hsa_circ_00001666,colonic neoplasms,0.2442265883088112,0.1432682781760278,20,317
hsa_circ_0000177,glioma,0.2442265883088112,0.1432682781760278,20,318
hsa_circ_0000190,multiple myeloma,0.2442265883088112,0.1432682781760278,20,319
hsa_circ_0000190,osteosarcoma,0.2442265883088112,0.1432682781760278,20,320
hsa_circ_0000204,"carcinoma, hepatocellular",0.2442265883088112,0.1432682781760278,20,321
hsa_circ_0000218,colorectal neoplasms,0.2442265883088112,0.1432682781760278,20,322
hsa_circ_0000263,uterine cervical neoplasms,0.2442265883088112,0.1432682781760278,20,323
hsa_circ_0000267,stomach neoplasms,0.2442265883088112,0.1432682781760278,20,324
hsa_circ_0000284,"carcinoma, hepatocellular",0.2442265883088112,0.1432682781760278,20,325
hsa_circ_0000284,colorectal neoplasms,0.2442265883088112,0.1432682781760278,20,326
hsa_circ_0000291,stomach neoplasms,0.2442265883088112,0.1432682781760278,20,327
hsa_circ_0000337,esophageal squamous cell carcinoma,0.2442265883088112,0.1432682781760278,20,328
hsa_circ_0000376,stomach neoplasms,0.2442265883088112,0.1432682781760278,20,329
hsa_circ_0000378,primary great saphenous vein varicosities,0.2442265883088112,0.1432682781760278,20,330
hsa_circ_0000408,lung squamous cell carcinoma,0.2442265883088112,0.1432682781760278,20,331
hsa_circ_0000414,"tuberculosis, pulmonary",0.2442265883088112,0.1432682781760278,20,332
hsa_circ_0000467,stomach neoplasms,0.2442265883088112,0.1432682781760278,20,333
hsa_circ_0000479,"lupus erythematosus, systemic",0.2442265883088112,0.1432682781760278,20,334
hsa_circ_0000495,squamous cell carcinoma of head and neck,0.2442265883088112,0.1432682781760278,20,335
hsa_circ_0000517,multiple sclerosis,0.2442265883088112,0.1432682781760278,20,336
hsa_circ_0000519,multiple sclerosis,0.2442265883088112,0.1432682781760278,20,337
hsa_circ_0000523,colorectal neoplasms,0.2442265883088112,0.1432682781760278,20,338
hsa_circ_0000554,esophageal neoplasms,0.2442265883088112,0.1432682781760278,20,339
hsa_circ_0000567,"carcinoma, hepatocellular",0.2442265883088112,0.1432682781760278,20,340
hsa_circ_0000594,glioma,0.2442265883088112,0.1432682781760278,20,341
hsa_circ_0000615,diabetic retinopathy,0.2442265883088112,0.1432682781760278,20,342
hsa_circ_0000615,hirschsprung disease,0.2442265883088112,0.1432682781760278,20,343
hsa_circ_0000615,lupus nephritis,0.2442265883088112,0.1432682781760278,20,344
hsa_circ_0000615,myocardial infarction,0.2442265883088112,0.1432682781760278,20,345
hsa_circ_0000673,"carcinoma, hepatocellular",0.2442265883088112,0.1432682781760278,20,346
hsa_circ_0000673,stomach neoplasms,0.2442265883088112,0.1432682781760278,20,347
hsa_circ_0000681,"tuberculosis, pulmonary",0.2442265883088112,0.1432682781760278,20,348
hsa_circ_0000729,adenocarcinoma of lung,0.2442265883088112,0.1432682781760278,20,349
hsa_circ_0000735,"carcinoma, non-small-cell lung",0.2442265883088112,0.1432682781760278,20,350
hsa_circ_0000792,adenocarcinoma of lung,0.2442265883088112,0.1432682781760278,20,351
hsa_circ_0000799,urinary bladder neoplasms,0.2442265883088112,0.1432682781760278,20,352
hsa_circ_0000977,"carcinoma, pancreatic ductal",0.2442265883088112,0.1432682781760278,20,353
hsa_circ_0000977,pancreatic neoplasms,0.2442265883088112,0.1432682781760278,20,354
hsa_circ_0000993,stomach neoplasms,0.2442265883088112,0.1432682781760278,20,355
hsa_circ_0001038,uterine cervical neoplasms,0.2442265883088112,0.1432682781760278,20,356
hsa_circ_0001098,breast neoplasms,0.2442265883088112,0.1432682781760278,20,357
hsa_circ_0001178,"carcinoma, hepatocellular",0.2442265883088112,0.1432682781760278,20,358
hsa_circ_0001187,"leukemia, myeloid, acute",0.2442265883088112,0.1432682781760278,20,359
hsa_circ_0001204,tuberculosis,0.2442265883088112,0.1432682781760278,20,360
hsa_circ_0001206,prostatic neoplasms,0.2442265883088112,0.1432682781760278,20,361
hsa_circ_0001275,"osteoporosis, postmenopausal",0.2442265883088112,0.1432682781760278,20,362
hsa_circ_0001313,colonic neoplasms,0.2442265883088112,0.1432682781760278,20,363
hsa_circ_0001361,urinary bladder neoplasms,0.2442265883088112,0.1432682781760278,20,364
hsa_circ_0001400,multiple sclerosis,0.2442265883088112,0.1432682781760278,20,365
hsa_circ_0001410,"depressive disorder, major",0.2442265883088112,0.1432682781760278,20,366
hsa_circ_0001427,"prostatic neoplasms, castration-resistant",0.2442265883088112,0.1432682781760278,20,367
hsa_circ_0001429,urinary bladder neoplasms,0.2442265883088112,0.1432682781760278,20,368
hsa_circ_0001451,triple negative breast neoplasms,0.2442265883088112,0.1432682781760278,20,369
hsa_circ_0001461,stomach neoplasms,0.2442265883088112,0.1432682781760278,20,370
hsa_circ_0001546,stomach neoplasms,0.2442265883088112,0.1432682781760278,20,371
hsa_circ_0001564,osteosarcoma,0.2442265883088112,0.1432682781760278,20,372
hsa_circ_0001649,"carcinoma, hepatocellular",0.2442265883088112,0.1432682781760278,20,373
hsa_circ_0001658,osteosarcoma,0.2442265883088112,0.1432682781760278,20,374
hsa_circ_0001721,osteosarcoma,0.2442265883088112,0.1432682781760278,20,375
hsa_circ_0001725,stomach neoplasms,0.2442265883088112,0.1432682781760278,20,376
hsa_circ_0001727,"carcinoma, non-small-cell lung",0.2442265883088112,0.1432682781760278,20,377
hsa_circ_0001742,squamous cell carcinoma of head and neck,0.2442265883088112,0.1432682781760278,20,378
hsa_circ_0001772,stomach neoplasms,0.2442265883088112,0.1432682781760278,20,379
hsa_circ_0001785,osteosarcoma,0.2442265883088112,0.1432682781760278,20,380
hsa_circ_0001801,glioma,0.2442265883088112,0.1432682781760278,20,381
hsa_circ_0001821,lung neoplasms,0.2442265883088112,0.1432682781760278,20,382
hsa_circ_0001846,triple negative breast neoplasms,0.2442265883088112,0.1432682781760278,20,383
hsa_circ_0001859,"arthritis, rheumatoid",0.2442265883088112,0.1432682781760278,20,384
hsa_circ_0001866,"lupus erythematosus, systemic",0.2442265883088112,0.1432682781760278,20,385
hsa_circ_0001897,stomach neoplasms,0.2442265883088112,0.1432682781760278,20,386
hsa_circ_0001900,colorectal neoplasms,0.2442265883088112,0.1432682781760278,20,387
hsa_circ_0001907,"depressive disorder, major",0.2442265883088112,0.1432682781760278,20,388
hsa_circ_0001946,alzheimer disease,0.2442265883088112,0.1432682781760278,20,389
hsa_circ_0001946,"carcinoma, hepatocellular",0.2442265883088112,0.1432682781760278,20,390
hsa_circ_0001946,glioblastoma,0.2442265883088112,0.1432682781760278,20,391
hsa_circ_0001946,stomach neoplasms,0.2442265883088112,0.1432682781760278,20,392
hsa_circ_0001947,"leukemia, myeloid, acute",0.2442265883088112,0.1432682781760278,20,393
hsa_circ_0001955,"carcinoma, hepatocellular",0.2442265883088112,0.1432682781760278,20,394
hsa_circ_0001982,breast neoplasms,0.2442265883088112,0.1432682781760278,20,395
hsa_circ_0002052,osteosarcoma,0.2442265883088112,0.1432682781760278,20,396
hsa_circ_0002062,chronic thromboembolic pulmonary hypertension,0.2442265883088112,0.1432682781760278,20,397
hsa_circ_0002078,moyamoya disease,0.2442265883088112,0.1432682781760278,20,398
hsa_circ_0002113,"tuberculosis, pulmonary",0.2442265883088112,0.1432682781760278,20,399
hsa_circ_0002142,glioma,0.2442265883088112,0.1432682781760278,20,400
hsa_circ_0002161,essential hypertension,0.2442265883088112,0.1432682781760278,20,401
hsa_circ_0002211,colorectal neoplasms,0.2442265883088112,0.1432682781760278,20,402
hsa_circ_0002346,adenocarcinoma of lung,0.2442265883088112,0.1432682781760278,20,403
hsa_circ_0002362,"tuberculosis, pulmonary",0.2442265883088112,0.1432682781760278,20,404
hsa_circ_0002453,triple negative breast neoplasms,0.2442265883088112,0.1432682781760278,20,405
hsa_circ_0002569,moyamoya disease,0.2442265883088112,0.1432682781760278,20,406
hsa_circ_0002908,"tuberculosis, pulmonary",0.2442265883088112,0.1432682781760278,20,407
hsa_circ_0003028,liver neoplasms,0.2442265883088112,0.1432682781760278,20,408
hsa_circ_0003146,"lupus erythematosus, systemic",0.2442265883088112,0.1432682781760278,20,409
hsa_circ_0003171,primary great saphenous vein varicosities,0.2442265883088112,0.1432682781760278,20,410
hsa_circ_0003391,"osteoporosis, postmenopausal",0.2442265883088112,0.1432682781760278,20,411
hsa_circ_0003519,active pulmonary tuberculosis,0.2442265883088112,0.1432682781760278,20,412
hsa_circ_0003575,atherosclerosis,0.2442265883088112,0.1432682781760278,20,413
hsa_circ_000361,"liver cirrhosis, biliary",0.2442265883088112,0.1432682781760278,20,414
hsa_circ_0003645,"carcinoma, non-small-cell lung",0.2442265883088112,0.1432682781760278,20,415
hsa_circ_000367,fatty liver,0.2442265883088112,0.1432682781760278,20,416
hsa_circ_0003855,stomach neoplasms,0.2442265883088112,0.1432682781760278,20,417
hsa_circ_0003998,adenocarcinoma of lung,0.2442265883088112,0.1432682781760278,20,418
hsa_circ_0003998,"carcinoma, non-small-cell lung",0.2442265883088112,0.1432682781760278,20,419
hsa_circ_0004015,"carcinoma, non-small-cell lung",0.2442265883088112,0.1432682781760278,20,420
hsa_circ_0004136,"leukemia, myeloid, acute",0.2442265883088112,0.1432682781760278,20,421
hsa_circ_0004277,leukemia,0.2442265883088112,0.1432682781760278,20,422
hsa_circ_0004277,"leukemia, myeloid, acute",0.2442265883088112,0.1432682781760278,20,423
hsa_circ_0004390,ovarian neoplasms,0.2442265883088112,0.1432682781760278,20,424
hsa_circ_0004712,"arthritis, rheumatoid",0.2442265883088112,0.1432682781760278,20,425
hsa_circ_0004771,breast neoplasms,0.2442265883088112,0.1432682781760278,20,426
hsa_circ_0004771,esophageal squamous cell carcinoma,0.2442265883088112,0.1432682781760278,20,427
hsa_circ_0004846,osteosarcoma,0.2442265883088112,0.1432682781760278,20,428
hsa_circ_0004928,stomach neoplasms,0.2442265883088112,0.1432682781760278,20,429
hsa_circ_0005015,diabetic retinopathy,0.2442265883088112,0.1432682781760278,20,430
hsa_circ_0005075,"carcinoma, hepatocellular",0.2442265883088112,0.1432682781760278,20,431
hsa_circ_0005100,colorectal neoplasms,0.2442265883088112,0.1432682781760278,20,432
hsa_circ_0005105,osteoarthritis,0.2442265883088112,0.1432682781760278,20,433
hsa_circ_0005198,glioma,0.2442265883088112,0.1432682781760278,20,434
hsa_circ_0005218,pre-eclampsia,0.2442265883088112,0.1432682781760278,20,435
hsa_circ_0005230,breast neoplasms,0.2442265883088112,0.1432682781760278,20,436
hsa_circ_0005230,cholangiocarcinoma,0.2442265883088112,0.1432682781760278,20,437
hsa_circ_0005239,breast neoplasms,0.2442265883088112,0.1432682781760278,20,438
hsa_circ_0005267,primary great saphenous vein varicosities,0.2442265883088112,0.1432682781760278,20,439
hsa_circ_0005273,"thyroid cancer, papillary",0.2442265883088112,0.1432682781760278,20,440
hsa_circ_0005402,multiple sclerosis,0.2442265883088112,0.1432682781760278,20,441
hsa_circ_0005442,pre-eclampsia,0.2442265883088112,0.1432682781760278,20,442
hsa_circ_0005540,multiple system atrophy,0.2442265883088112,0.1432682781760278,20,443
hsa_circ_0005576,uterine cervical neoplasms,0.2442265883088112,0.1432682781760278,20,444
hsa_circ_0005620,"depressive disorder, major",0.2442265883088112,0.1432682781760278,20,445
hsa_circ_0005836,active pulmonary tuberculosis,0.2442265883088112,0.1432682781760278,20,446
hsa_circ_0005963,colonic neoplasms,0.2442265883088112,0.1432682781760278,20,447
hsa_circ_0005986,"carcinoma, hepatocellular",0.2442265883088112,0.1432682781760278,20,448
hsa_circ_0006168,esophageal neoplasms,0.2442265883088112,0.1432682781760278,20,449
hsa_circ_0006168,esophageal squamous cell carcinoma,0.2442265883088112,0.1432682781760278,20,450
hsa_circ_0006215,pancreatic neoplasms,0.2442265883088112,0.1432682781760278,20,451
hsa_circ_0006282,stomach neoplasms,0.2442265883088112,0.1432682781760278,20,452
hsa_circ_0006404,myocardial senescence,0.2442265883088112,0.1432682781760278,20,453
hsa_circ_0006404,prostatic neoplasms,0.2442265883088112,0.1432682781760278,20,454
hsa_circ_0006427,primary great saphenous vein varicosities,0.2442265883088112,0.1432682781760278,20,455
hsa_circ_0006528,breast neoplasms,0.2442265883088112,0.1432682781760278,20,456
hsa_circ_0006766,"osteoporosis, postmenopausal",0.2442265883088112,0.1432682781760278,20,457
hsa_circ_0006801,"osteoporosis, postmenopausal",0.2442265883088112,0.1432682781760278,20,458
hsa_circ_0006848,stomach neoplasms,0.2442265883088112,0.1432682781760278,20,459
hsa_circ_0006916,lung neoplasms,0.2442265883088112,0.1432682781760278,20,460
hsa_circ_0006935,repeated implantation failure,0.2442265883088112,0.1432682781760278,20,461
hsa_circ_0006990,colorectal neoplasms,0.2442265883088112,0.1432682781760278,20,462
hsa_circ_0007059,lung neoplasms,0.2442265883088112,0.1432682781760278,20,463
hsa_circ_0007385,"carcinoma, non-small-cell lung",0.2442265883088112,0.1432682781760278,20,464
hsa_circ_0007534,"carcinoma, pancreatic ductal",0.2442265883088112,0.1432682781760278,20,465
hsa_circ_0007534,colorectal neoplasms,0.2442265883088112,0.1432682781760278,20,466
hsa_circ_0007534,glioma,0.2442265883088112,0.1432682781760278,20,467
hsa_circ_0007534,uterine cervical neoplasms,0.2442265883088112,0.1432682781760278,20,468
hsa_circ_0007788,"osteoporosis, postmenopausal",0.2442265883088112,0.1432682781760278,20,469
hsa_circ_0007843,colonic neoplasms,0.2442265883088112,0.1432682781760278,20,470
hsa_circ_0007874,ovarian neoplasms,0.2442265883088112,0.1432682781760278,20,471
hsa_circ_0007915,liver neoplasms,0.2442265883088112,0.1432682781760278,20,472
hsa_circ_0008039,breast neoplasms,0.2442265883088112,0.1432682781760278,20,473
hsa_circ_0008078,"leukemia, myeloid, acute",0.2442265883088112,0.1432682781760278,20,474
hsa_circ_0008234,gallbladder neoplasms,0.2442265883088112,0.1432682781760278,20,475
hsa_circ_0008287,hypopharyngeal neoplasms,0.2442265883088112,0.1432682781760278,20,476
hsa_circ_0008305,intervertebral disc degeneration,0.2442265883088112,0.1432682781760278,20,477
hsa_circ_0008309,squamous cell carcinoma of head and neck,0.2442265883088112,0.1432682781760278,20,478
hsa_circ_0008365,stomach neoplasms,0.2442265883088112,0.1432682781760278,20,479
hsa_circ_000839,"carcinoma, hepatocellular",0.2442265883088112,0.1432682781760278,20,480
hsa_circ_0008450,"carcinoma, hepatocellular",0.2442265883088112,0.1432682781760278,20,481
hsa_circ_0008450,nasopharyngeal carcinoma,0.2442265883088112,0.1432682781760278,20,482
hsa_circ_0008615,"lupus erythematosus, systemic",0.2442265883088112,0.1432682781760278,20,483
hsa_circ_0008717,breast neoplasms,0.2442265883088112,0.1432682781760278,20,484
hsa_circ_0008717,"carcinoma, non-small-cell lung",0.2442265883088112,0.1432682781760278,20,485
hsa_circ_0008797,"tuberculosis, pulmonary",0.2442265883088112,0.1432682781760278,20,486
hsa_circ_0008887,immunosenescence,0.2442265883088112,0.1432682781760278,20,487
hsa_circ_000926,"carcinoma, renal cell",0.2442265883088112,0.1432682781760278,20,488
hsa_circ_0009361,colorectal neoplasms,0.2442265883088112,0.1432682781760278,20,489
hsa_circ_0009362,triple negative breast neoplasms,0.2442265883088112,0.1432682781760278,20,490
hsa_circ_0009910,"carcinoma, hepatocellular",0.2442265883088112,0.1432682781760278,20,491
hsa_circ_0009910,"leukemia, myeloid, acute",0.2442265883088112,0.1432682781760278,20,492
hsa_circ_0009910,osteosarcoma,0.2442265883088112,0.1432682781760278,20,493
hsa_circ_0011385,thyroid neoplasms,0.2442265883088112,0.1432682781760278,20,494
hsa_circ_0011780,"carcinoma, non-small-cell lung",0.2442265883088112,0.1432682781760278,20,495
hsa_circ_0012342,"carcinoma, mucoepidermoid",0.2442265883088112,0.1432682781760278,20,496
hsa_circ_0012919,"lupus erythematosus, systemic",0.2442265883088112,0.1432682781760278,20,497
hsa_circ_0013255,irradiated hepatic stellate cell,0.2442265883088112,0.1432682781760278,20,498
hsa_circ_0013958,adenocarcinoma of lung,0.2442265883088112,0.1432682781760278,20,499
hsa_circ_0014130,adenocarcinoma of lung,0.2442265883088112,0.1432682781760278,20,500
hsa_circ_0014130,"carcinoma, non-small-cell lung",0.2442265883088112,0.1432682781760278,20,501
hsa_circ_0014130,stomach neoplasms,0.2442265883088112,0.1432682781760278,20,502
hsa_circ_0014243,hypertension,0.2442265883088112,0.1432682781760278,20,503
hsa_circ_0014359,glioma,0.2442265883088112,0.1432682781760278,20,504
hsa_circ_0015278,"thyroid cancer, papillary",0.2442265883088112,0.1432682781760278,20,505
hsa_circ_001569,"carcinoma, hepatocellular",0.2442265883088112,0.1432682781760278,20,506
hsa_circ_001569,colorectal neoplasms,0.2442265883088112,0.1432682781760278,20,507
hsa_circ_0015756,"carcinoma, hepatocellular",0.2442265883088112,0.1432682781760278,20,508
hsa_circ_0015756,hepatoblastoma,0.2442265883088112,0.1432682781760278,20,509
hsa_circ_0015758,glioma,0.2442265883088112,0.1432682781760278,20,510
hsa_circ_001598,urinary bladder neoplasms,0.2442265883088112,0.1432682781760278,20,511
hsa_circ_0016760,"carcinoma, non-small-cell lung",0.2442265883088112,0.1432682781760278,20,512
hsa_circ_0016788,"carcinoma, hepatocellular",0.2442265883088112,0.1432682781760278,20,513
hsa_circ_0017247,melanoma,0.2442265883088112,0.1432682781760278,20,514
hsa_circ_0017446,"leukemia, myeloid, acute",0.2442265883088112,0.1432682781760278,20,515
hsa_circ_001783,breast neoplasms,0.2442265883088112,0.1432682781760278,20,516
hsa_circ_0018069,urinary bladder neoplasms,0.2442265883088112,0.1432682781760278,20,517
hsa_circ_0018508,"diabetes mellitus, type 2",0.2442265883088112,0.1432682781760278,20,518
hsa_circ_0019069,diabetic retinopathy,0.2442265883088112,0.1432682781760278,20,519
hsa_circ_0020123,"carcinoma, non-small-cell lung",0.2442265883088112,0.1432682781760278,20,520
hsa_circ_0020397,colorectal neoplasms,0.2442265883088112,0.1432682781760278,20,521
hsa_circ_002082,fatty liver,0.2442265883088112,0.1432682781760278,20,522
hsa_circ_0021093,"carcinoma, hepatocellular",0.2442265883088112,0.1432682781760278,20,523
hsa_circ_002136,glioma,0.2442265883088112,0.1432682781760278,20,524
hsa_circ_0021549,"lupus erythematosus, systemic",0.2442265883088112,0.1432682781760278,20,525
hsa_circ_0023115,endometriosis,0.2442265883088112,0.1432682781760278,20,526
hsa_circ_0023404,osteoarthritis,0.2442265883088112,0.1432682781760278,20,527
hsa_circ_0023404,uterine cervical neoplasms,0.2442265883088112,0.1432682781760278,20,528
hsa_circ_0023903,moyamoya disease,0.2442265883088112,0.1432682781760278,20,529
hsa_circ_0024892,multiple sclerosis,0.2442265883088112,0.1432682781760278,20,530
hsa_circ_0025033,"thyroid cancer, papillary",0.2442265883088112,0.1432682781760278,20,531
hsa_circ_0025039,melanoma,0.2442265883088112,0.1432682781760278,20,532
hsa_circ_0025202,breast neoplasms,0.2442265883088112,0.1432682781760278,20,533
hsa_circ_0026134,"carcinoma, non-small-cell lung",0.2442265883088112,0.1432682781760278,20,534
hsa_circ_0026143,endometriosis,0.2442265883088112,0.1432682781760278,20,535
hsa_circ_0026344,colorectal neoplasms,0.2442265883088112,0.1432682781760278,20,536
hsa_circ_0026372,diabetic retinopathy,0.2442265883088112,0.1432682781760278,20,537
hsa_circ_0026388,diabetic retinopathy,0.2442265883088112,0.1432682781760278,20,538
hsa_circ_0027599,stomach neoplasms,0.2442265883088112,0.1432682781760278,20,539
hsa_circ_0028882,"osteoporosis, postmenopausal",0.2442265883088112,0.1432682781760278,20,540
hsa_circ_0029067,facet joint osteoarthritis,0.2442265883088112,0.1432682781760278,20,541
hsa_circ_0029601,pre-eclampsia,0.2442265883088112,0.1432682781760278,20,542
hsa_circ_0030055,diabetic retinopathy,0.2442265883088112,0.1432682781760278,20,543
hsa_circ_0030235,"carcinoma, pancreatic ductal",0.2442265883088112,0.1432682781760278,20,544
hsa_circ_0030569,tuberculosis,0.2442265883088112,0.1432682781760278,20,545
hsa_circ_0031288,uterine cervical neoplasms,0.2442265883088112,0.1432682781760278,20,546
hsa_circ_0032131,osteoarthritis,0.2442265883088112,0.1432682781760278,20,547
hsa_circ_0032627,stomach neoplasms,0.2442265883088112,0.1432682781760278,20,548
hsa_circ_0032683,"arthritis, rheumatoid",0.2442265883088112,0.1432682781760278,20,549
hsa_circ_0032891,multiple system atrophy,0.2442265883088112,0.1432682781760278,20,550
hsa_circ_0032970,coronary artery disease,0.2442265883088112,0.1432682781760278,20,551
hsa_circ_0033550,uterine cervical neoplasms,0.2442265883088112,0.1432682781760278,20,552
hsa_circ_0034398,"lupus erythematosus, systemic",0.2442265883088112,0.1432682781760278,20,553
hsa_circ_0034642,glioma,0.2442265883088112,0.1432682781760278,20,554
hsa_circ_003524,"arthritis, rheumatoid",0.2442265883088112,0.1432682781760278,20,555
hsa_circ_0035381,"leukemia, myeloid, acute",0.2442265883088112,0.1432682781760278,20,556
hsa_circ_0035483,"carcinoma, renal cell",0.2442265883088112,0.1432682781760278,20,557
hsa_circ_0036877,pre-eclampsia,0.2442265883088112,0.1432682781760278,20,558
hsa_circ_0037251,glioma,0.2442265883088112,0.1432682781760278,20,559
hsa_circ_0037655,glioma,0.2442265883088112,0.1432682781760278,20,560
hsa_circ_0037909,essential hypertension,0.2442265883088112,0.1432682781760278,20,561
hsa_circ_0037911,essential hypertension,0.2442265883088112,0.1432682781760278,20,562
hsa_circ_0039411,"carcinoma, hepatocellular",0.2442265883088112,0.1432682781760278,20,563
hsa_circ_0039569,endometrial neoplasms,0.2442265883088112,0.1432682781760278,20,564
hsa_circ_0040705,"lupus erythematosus, systemic",0.2442265883088112,0.1432682781760278,20,565
hsa_circ_004121,fatty liver,0.2442265883088112,0.1432682781760278,20,566
hsa_circ_0041796,diabetic retinopathy,0.2442265883088112,0.1432682781760278,20,567
hsa_circ_004183,fatty liver,0.2442265883088112,0.1432682781760278,20,568
hsa_circ_0041946,intervertebral disc degeneration,0.2442265883088112,0.1432682781760278,20,569
hsa_circ_0042666,squamous cell carcinoma of head and neck,0.2442265883088112,0.1432682781760278,20,570
hsa_circ_0043256,"carcinoma, non-small-cell lung",0.2442265883088112,0.1432682781760278,20,571
hsa_circ_0043278,osteosarcoma,0.2442265883088112,0.1432682781760278,20,572
hsa_circ_0043497,tuberculosis,0.2442265883088112,0.1432682781760278,20,573
hsa_circ_0043949,glioblastoma,0.2442265883088112,0.1432682781760278,20,574
hsa_circ_0044520,squamous cell carcinoma of head and neck,0.2442265883088112,0.1432682781760278,20,575
hsa_circ_0044529,squamous cell carcinoma of head and neck,0.2442265883088112,0.1432682781760278,20,576
hsa_circ_0045714,osteoarthritis,0.2442265883088112,0.1432682781760278,20,577
hsa_circ_0046264,lung neoplasms,0.2442265883088112,0.1432682781760278,20,578
hsa_circ_0046599,"lupus erythematosus, systemic",0.2442265883088112,0.1432682781760278,20,579
hsa_circ_0046600,"carcinoma, hepatocellular",0.2442265883088112,0.1432682781760278,20,580
hsa_circ_0046701,glioma,0.2442265883088112,0.1432682781760278,20,581
hsa_circ_0047688,glioma,0.2442265883088112,0.1432682781760278,20,582
hsa_circ_0049224,"lupus erythematosus, systemic",0.2442265883088112,0.1432682781760278,20,583
hsa_circ_0049657,"leukemia, myeloid, acute",0.2442265883088112,0.1432682781760278,20,584
hsa_circ_0050898,moyamoya disease,0.2442265883088112,0.1432682781760278,20,585
hsa_circ_0051079,osteosarcoma,0.2442265883088112,0.1432682781760278,20,586
hsa_circ_0051172,coronary artery disease,0.2442265883088112,0.1432682781760278,20,587
hsa_circ_0051240,ovarian neoplasms,0.2442265883088112,0.1432682781760278,20,588
hsa_circ_0051443,"carcinoma, hepatocellular",0.2442265883088112,0.1432682781760278,20,589
hsa_circ_0052012,"arthritis, rheumatoid",0.2442265883088112,0.1432682781760278,20,590
hsa_circ_0052112,breast neoplasms,0.2442265883088112,0.1432682781760278,20,591
hsa_circ_0054211,multiple system atrophy,0.2442265883088112,0.1432682781760278,20,592
hsa_circ_0054345,irradiated hepatic stellate cell,0.2442265883088112,0.1432682781760278,20,593
hsa_circ_0054345,liver cirrhosis,0.2442265883088112,0.1432682781760278,20,594
hsa_circ_0054537,coronary artery disease,0.2442265883088112,0.1432682781760278,20,595
hsa_circ_0054633,diabetes mellitus,0.2442265883088112,0.1432682781760278,20,596
hsa_circ_0055625,colonic neoplasms,0.2442265883088112,0.1432682781760278,20,597
hsa_circ_0056048,"depressive disorder, major",0.2442265883088112,0.1432682781760278,20,598
hsa_circ_0056288,osteosarcoma,0.2442265883088112,0.1432682781760278,20,599
hsa_circ_0056731,multiple sclerosis,0.2442265883088112,0.1432682781760278,20,600
hsa_circ_0056836,"carcinoma, hepatocellular",0.2442265883088112,0.1432682781760278,20,601
hsa_circ_0057093,diabetic retinopathy,0.2442265883088112,0.1432682781760278,20,602
hsa_circ_0057576,coronary artery disease,0.2442265883088112,0.1432682781760278,20,603
hsa_circ_0057762,"lupus erythematosus, systemic",0.2442265883088112,0.1432682781760278,20,604
hsa_circ_0058063,urinary bladder neoplasms,0.2442265883088112,0.1432682781760278,20,605
hsa_circ_0058092,stomach neoplasms,0.2442265883088112,0.1432682781760278,20,606
hsa_circ_0058124,thyroid neoplasms,0.2442265883088112,0.1432682781760278,20,607
hsa_circ_0059354,squamous cell carcinoma of head and neck,0.2442265883088112,0.1432682781760278,20,608
hsa_circ_0059655,salivary adenoid cystic carcinoma,0.2442265883088112,0.1432682781760278,20,609
hsa_circ_0060428,osteosarcoma,0.2442265883088112,0.1432682781760278,20,610
hsa_circ_0060456,stomach neoplasms,0.2442265883088112,0.1432682781760278,20,611
hsa_circ_006100,stomach neoplasms,0.2442265883088112,0.1432682781760278,20,612
hsa_circ_0061825,breast neoplasms,0.2442265883088112,0.1432682781760278,20,613
hsa_circ_0061868,glioma,0.2442265883088112,0.1432682781760278,20,614
hsa_circ_0061893,liver cirrhosis,0.2442265883088112,0.1432682781760278,20,615
hsa_circ_0062019,prostatic neoplasms,0.2442265883088112,0.1432682781760278,20,616
hsa_circ_0062389,"carcinoma, non-small-cell lung",0.2442265883088112,0.1432682781760278,20,617
hsa_circ_0062557,endometriosis,0.2442265883088112,0.1432682781760278,20,618
hsa_circ_0063179,"tuberculosis, pulmonary",0.2442265883088112,0.1432682781760278,20,619
hsa_circ_0063781,facet joint osteoarthritis,0.2442265883088112,0.1432682781760278,20,620
hsa_circ_0064996,"arthritis, rheumatoid",0.2442265883088112,0.1432682781760278,20,621
hsa_circ_0066922,diabetic retinopathy,0.2442265883088112,0.1432682781760278,20,622
hsa_circ_0067209,moyamoya disease,0.2442265883088112,0.1432682781760278,20,623
hsa_circ_0067835,colorectal neoplasms,0.2442265883088112,0.1432682781760278,20,624
hsa_circ_0067934,adenocarcinoma of lung,0.2442265883088112,0.1432682781760278,20,625
hsa_circ_0067934,thyroid neoplasms,0.2442265883088112,0.1432682781760278,20,626
hsa_circ_0067997,stomach neoplasms,0.2442265883088112,0.1432682781760278,20,627
hsa_circ_0068087,diabetes mellitus,0.2442265883088112,0.1432682781760278,20,628
hsa_circ_0068087,"diabetes mellitus, type 2",0.2442265883088112,0.1432682781760278,20,629
hsa_circ_0068489,diabetic retinopathy,0.2442265883088112,0.1432682781760278,20,630
hsa_circ_0068871,urinary bladder neoplasms,0.2442265883088112,0.1432682781760278,20,631
hsa_circ_0068942,coronary artery disease,0.2442265883088112,0.1432682781760278,20,632
hsa_circ_0070269,"carcinoma, hepatocellular",0.2442265883088112,0.1432682781760278,20,633
hsa_circ_0070616,repeated implantation failure,0.2442265883088112,0.1432682781760278,20,634
hsa_circ_0070963,irradiated hepatic stellate cell,0.2442265883088112,0.1432682781760278,20,635
hsa_circ_0070963,liver cirrhosis,0.2442265883088112,0.1432682781760278,20,636
hsa_circ_0071410,liver cirrhosis,0.2442265883088112,0.1432682781760278,20,637
hsa_circ_0071662,urinary bladder neoplasms,0.2442265883088112,0.1432682781760278,20,638
hsa_circ_0071896,facet joint osteoarthritis,0.2442265883088112,0.1432682781760278,20,639
hsa_circ_0072083,"carcinoma, non-small-cell lung",0.2442265883088112,0.1432682781760278,20,640
hsa_circ_0072088,colorectal neoplasms,0.2442265883088112,0.1432682781760278,20,641
hsa_circ_0072309,breast neoplasms,0.2442265883088112,0.1432682781760278,20,642
hsa_circ_0072309,"carcinoma, non-small-cell lung",0.2442265883088112,0.1432682781760278,20,643
hsa_circ_0072309,"carcinoma, renal cell",0.2442265883088112,0.1432682781760278,20,644
hsa_circ_0072391,hepatoblastoma,0.2442265883088112,0.1432682781760278,20,645
hsa_circ_0072410,diabetic retinopathy,0.2442265883088112,0.1432682781760278,20,646
hsa_circ_0072668,facet joint osteoarthritis,0.2442265883088112,0.1432682781760278,20,647
hsa_circ_0072765,irradiated hepatic stellate cell,0.2442265883088112,0.1432682781760278,20,648
hsa_circ_0072765,liver cirrhosis,0.2442265883088112,0.1432682781760278,20,649
hsa_circ_0072995,breast neoplasms,0.2442265883088112,0.1432682781760278,20,650
hsa_circ_0073237,glioma,0.2442265883088112,0.1432682781760278,20,651
hsa_circ_0074027,"carcinoma, non-small-cell lung",0.2442265883088112,0.1432682781760278,20,652
hsa_circ_0074027,glioblastoma,0.2442265883088112,0.1432682781760278,20,653
hsa_circ_0074362,glioma,0.2442265883088112,0.1432682781760278,20,654
hsa_circ_0075001,"leukemia, myeloid, acute",0.2442265883088112,0.1432682781760278,20,655
hsa_circ_0075341,uterine cervical neoplasms,0.2442265883088112,0.1432682781760278,20,656
hsa_circ_0075828,urinary bladder neoplasms,0.2442265883088112,0.1432682781760278,20,657
hsa_circ_0076248,glioma,0.2442265883088112,0.1432682781760278,20,658
hsa_circ_0076305,"carcinoma, non-small-cell lung",0.2442265883088112,0.1432682781760278,20,659
hsa_circ_0078768,active pulmonary tuberculosis,0.2442265883088112,0.1432682781760278,20,660
hsa_circ_0079993,colorectal neoplasms,0.2442265883088112,0.1432682781760278,20,661
hsa_circ_0080145,"leukemia, myelogenous, chronic, bcr-abl positive",0.2442265883088112,0.1432682781760278,20,662
hsa_circ_0080210,intervertebral disc degeneration,0.2442265883088112,0.1432682781760278,20,663
hsa_circ_0081108,diabetic retinopathy,0.2442265883088112,0.1432682781760278,20,664
hsa_circ_0081143,stomach neoplasms,0.2442265883088112,0.1432682781760278,20,665
hsa_circ_0082081,coronary artery disease,0.2442265883088112,0.1432682781760278,20,666
hsa_circ_0083357,coronary artery disease,0.2442265883088112,0.1432682781760278,20,667
hsa_circ_0083964,"arthritis, rheumatoid",0.2442265883088112,0.1432682781760278,20,668
hsa_circ_0087206,diabetic retinopathy,0.2442265883088112,0.1432682781760278,20,669
hsa_circ_0087537,facet joint osteoarthritis,0.2442265883088112,0.1432682781760278,20,670
hsa_circ_0087862,"carcinoma, non-small-cell lung",0.2442265883088112,0.1432682781760278,20,671
hsa_circ_0089378,coronary artery disease,0.2442265883088112,0.1432682781760278,20,672
hsa_circ_0089810,primary great saphenous vein varicosities,0.2442265883088112,0.1432682781760278,20,673
hsa_circ_0091570,"carcinoma, hepatocellular",0.2442265883088112,0.1432682781760278,20,674
hsa_circ_0091579,liver neoplasms,0.2442265883088112,0.1432682781760278,20,675
hsa_circ_0091581,"carcinoma, hepatocellular",0.2442265883088112,0.1432682781760278,20,676
hsa_circ_0091702,intervertebral disc degeneration,0.2442265883088112,0.1432682781760278,20,677
hsa_circ_0092012,squamous cell carcinoma of head and neck,0.2442265883088112,0.1432682781760278,20,678
hsa_circ_0092303,stomach neoplasms,0.2442265883088112,0.1432682781760278,20,679
hsa_circ_0092374,"lupus erythematosus, systemic",0.2442265883088112,0.1432682781760278,20,680
hsa_circ_0092509,osteosarcoma,0.2442265883088112,0.1432682781760278,20,681
hsa_circ_009755,squamous cell carcinoma of head and neck,0.2442265883088112,0.1432682781760278,20,682
hsa_circ_0098964,coronary artery disease,0.2442265883088112,0.1432682781760278,20,683
hsa_circ_0099999,pancreatic neoplasms,0.2442265883088112,0.1432682781760278,20,684
hsa_circ_0100783,immunosenescence,0.2442265883088112,0.1432682781760278,20,685
hsa_circ_0101432,"carcinoma, hepatocellular",0.2442265883088112,0.1432682781760278,20,686
hsa_circ_0102049,osteosarcoma,0.2442265883088112,0.1432682781760278,20,687
hsa_circ_0103552,breast neoplasms,0.2442265883088112,0.1432682781760278,20,688
hsa_circ_0106803,multiple sclerosis,0.2442265883088112,0.1432682781760278,20,689
hsa_circ_0108308,multiple system atrophy,0.2442265883088112,0.1432682781760278,20,690
hsa_circ_0113854,coronary artery disease,0.2442265883088112,0.1432682781760278,20,691
hsa_circ_0123996,mucocutaneous lymph node syndrome,0.2442265883088112,0.1432682781760278,20,692
hsa_circ_0124644,coronary artery disease,0.2442265883088112,0.1432682781760278,20,693
hsa_circ_0126991,essential hypertension,0.2442265883088112,0.1432682781760278,20,694
hsa_circ_0127621,"lymphoma, large b-cell, diffuse",0.2442265883088112,0.1432682781760278,20,695
hsa_circ_0136666,breast neoplasms,0.2442265883088112,0.1432682781760278,20,696
hsa_circ_0136666,colorectal neoplasms,0.2442265883088112,0.1432682781760278,20,697
hsa_circ_0137008,colorectal neoplasms,0.2442265883088112,0.1432682781760278,20,698
hsa_circ_0137439,urinary bladder neoplasms,0.2442265883088112,0.1432682781760278,20,699
hsa_circ_0137606,urinary bladder neoplasms,0.2442265883088112,0.1432682781760278,20,700
hsa_circ_0141940,prostatic neoplasms,0.2442265883088112,0.1432682781760278,20,701
hsa_circ_014724,fatty liver,0.2442265883088112,0.1432682781760278,20,702
hsa_circ_052372,"liver cirrhosis, biliary",0.2442265883088112,0.1432682781760278,20,703
hsa_circ_082319,"liver cirrhosis, biliary",0.2442265883088112,0.1432682781760278,20,704
hsa_circ_087631,"liver cirrhosis, biliary",0.2442265883088112,0.1432682781760278,20,705
hsa_circ_092516,"arthritis, rheumatoid",0.2442265883088112,0.1432682781760278,20,706
hsa_circ_100219,breast neoplasms,0.2442265883088112,0.1432682781760278,20,707
hsa_circ_100242,urinary bladder neoplasms,0.2442265883088112,0.1432682781760278,20,708
hsa_circ_100290,"leukemia, myeloid, acute",0.2442265883088112,0.1432682781760278,20,709
hsa_circ_100338,"carcinoma, hepatocellular",0.2442265883088112,0.1432682781760278,20,710
hsa_circ_100395,ovarian neoplasms,0.2442265883088112,0.1432682781760278,20,711
hsa_circ_101280,"carcinoma, hepatocellular",0.2442265883088112,0.1432682781760278,20,712
hsa_circ_101396,leukoaraiosis,0.2442265883088112,0.1432682781760278,20,713
hsa_circ_101555,colorectal neoplasms,0.2442265883088112,0.1432682781760278,20,714
hsa_circ_101873,"arthritis, rheumatoid",0.2442265883088112,0.1432682781760278,20,715
hsa_circ_102470,leukoaraiosis,0.2442265883088112,0.1432682781760278,20,716
hsa_circ_102533,leukoaraiosis,0.2442265883088112,0.1432682781760278,20,717
hsa_circ_103047,"arthritis, rheumatoid",0.2442265883088112,0.1432682781760278,20,718
hsa_circ_103783,leukoaraiosis,0.2442265883088112,0.1432682781760278,20,719
hsa_circ_103809,"carcinoma, hepatocellular",0.2442265883088112,0.1432682781760278,20,720
hsa_circ_103973,uterine cervical neoplasms,0.2442265883088112,0.1432682781760278,20,721
hsa_circ_104075,"carcinoma, hepatocellular",0.2442265883088112,0.1432682781760278,20,722
hsa_circ_104871,"arthritis, rheumatoid",0.2442265883088112,0.1432682781760278,20,723
hsa_circ_402458,"liver cirrhosis, biliary",0.2442265883088112,0.1432682781760278,20,724
hsa_circ_406329,"liver cirrhosis, biliary",0.2442265883088112,0.1432682781760278,20,725
hsa_circ_407176,"liver cirrhosis, biliary",0.2442265883088112,0.1432682781760278,20,726
hsa_circ_cspp1,uterine cervical neoplasms,0.2442265883088112,0.1432682781760278,20,727
hsa_circrna11806-28,coronary artery disease,0.2442265883088112,0.1432682781760278,20,728
hsa_circrna11806-28,"diabetes mellitus, type 2",0.2442265883088112,0.1432682781760278,20,729
hsa_circrna_000479,triple negative breast neoplasms,0.2442265883088112,0.1432682781760278,20,730
hsa_circrna_000598,osteoarthritis,0.2442265883088112,0.1432682781760278,20,731
hsa_circrna_0007334,"carcinoma, pancreatic ductal",0.2442265883088112,0.1432682781760278,20,732
hsa_circrna_0007874,"carcinoma, hepatocellular",0.2442265883088112,0.1432682781760278,20,733
hsa_circrna_001654,infantile hemangioma,0.2442265883088112,0.1432682781760278,20,734
hsa_circrna_001937,active tuberculosis,0.2442265883088112,0.1432682781760278,20,735
hsa_circrna_002178,breast neoplasms,0.2442265883088112,0.1432682781760278,20,736
hsa_circrna_003251,t2dm with depression,0.2442265883088112,0.1432682781760278,20,737
hsa_circrna_004183,repeated implantation failure,0.2442265883088112,0.1432682781760278,20,738
hsa_circrna_004662,"thyroid cancer, papillary",0.2442265883088112,0.1432682781760278,20,739
hsa_circrna_005019,t2dm with depression,0.2442265883088112,0.1432682781760278,20,740
hsa_circrna_005086,active tuberculosis,0.2442265883088112,0.1432682781760278,20,741
hsa_circrna_0054633,"diabetes, gestational",0.2442265883088112,0.1432682781760278,20,742
hsa_circrna_008068,prostatic neoplasms,0.2442265883088112,0.1432682781760278,20,743
hsa_circrna_009024,active tuberculosis,0.2442265883088112,0.1432682781760278,20,744
hsa_circrna_014213,"thyroid cancer, papillary",0.2442265883088112,0.1432682781760278,20,745
hsa_circrna_015115,t2dm with depression,0.2442265883088112,0.1432682781760278,20,746
hsa_circrna_044353,repeated implantation failure,0.2442265883088112,0.1432682781760278,20,747
hsa_circrna_046843,"thyroid cancer, papillary",0.2442265883088112,0.1432682781760278,20,748
hsa_circrna_050898,moyamoya disease,0.2442265883088112,0.1432682781760278,20,749
hsa_circrna_061346,"thyroid cancer, papillary",0.2442265883088112,0.1432682781760278,20,750
hsa_circrna_063981,diabetic retinopathy,0.2442265883088112,0.1432682781760278,20,751
hsa_circrna_067209,moyamoya disease,0.2442265883088112,0.1432682781760278,20,752
hsa_circrna_086376,colorectal neoplasms,0.2442265883088112,0.1432682781760278,20,753
hsa_circrna_091420,prostatic neoplasms,0.2442265883088112,0.1432682781760278,20,754
hsa_circrna_092516,"arthritis, rheumatoid",0.2442265883088112,0.1432682781760278,20,755
hsa_circrna_100192,diabetic retinopathy,0.2442265883088112,0.1432682781760278,20,756
hsa_circrna_102116,infantile hemangioma,0.2442265883088112,0.1432682781760278,20,757
hsa_circrna_100750,diabetic retinopathy,0.2442265883088112,0.1432682781760278,20,758
hsa_circrna_100782,pre-eclampsia,0.2442265883088112,0.1432682781760278,20,759
hsa_circrna_100833,cutaneous squamous cell carcinoma,0.2442265883088112,0.1432682781760278,20,760
hsa_circrna_100833,lung neoplasms,0.2442265883088112,0.1432682781760278,20,761
hsa_circrna_100834,cutaneous squamous cell carcinoma,0.2442265883088112,0.1432682781760278,20,762
hsa_circrna_100914,moyamoya disease,0.2442265883088112,0.1432682781760278,20,763
hsa_circrna_100933,infantile hemangioma,0.2442265883088112,0.1432682781760278,20,764
hsa_circrna_101319,"arthritis, rheumatoid",0.2442265883088112,0.1432682781760278,20,765
hsa_circrna_101408,"thyroid cancer, papillary",0.2442265883088112,0.1432682781760278,20,766
hsa_circrna_101720,moyamoya disease,0.2442265883088112,0.1432682781760278,20,767
hsa_circrna_101764,"carcinoma, hepatocellular",0.2442265883088112,0.1432682781760278,20,768
hsa_circrna_101873,"arthritis, rheumatoid",0.2442265883088112,0.1432682781760278,20,769
hsa_circrna_101975,osteoarthritis,0.2442265883088112,0.1432682781760278,20,770
hsa_circrna_101981,prostatic neoplasms,0.2442265883088112,0.1432682781760278,20,771
hsa_circrna_406918,diabetic retinopathy,0.2442265883088112,0.1432682781760278,20,772
hsa_circrna_100533,squamous cell carcinoma of head and neck,0.2442265883088112,0.1432682781760278,20,773
hsa_circrna_102296,active tuberculosis,0.2442265883088112,0.1432682781760278,20,774
hsa_circrna_102761,colorectal neoplasms,0.2442265883088112,0.1432682781760278,20,775
hsa_circrna_103343,moyamoya disease,0.2442265883088112,0.1432682781760278,20,776
hsa_circrna_103387,osteoarthritis,0.2442265883088112,0.1432682781760278,20,777
hsa_circrna_103503,"arthritis, rheumatoid",0.2442265883088112,0.1432682781760278,20,778
hsa_circrna_103595,lung neoplasms,0.2442265883088112,0.1432682781760278,20,779
hsa_circrna_104296,active tuberculosis,0.2442265883088112,0.1432682781760278,20,780
hsa_circrna_104387,diabetic retinopathy,0.2442265883088112,0.1432682781760278,20,781
hsa_circrna_104854,repeated implantation failure,0.2442265883088112,0.1432682781760278,20,782
hsa_circrna_104871,"arthritis, rheumatoid",0.2442265883088112,0.1432682781760278,20,783
hsa_circrna_104964,active tuberculosis,0.2442265883088112,0.1432682781760278,20,784
hsa_circrna_105055,colorectal neoplasms,0.2442265883088112,0.1432682781760278,20,785
hsa_circrna_404686,repeated implantation failure,0.2442265883088112,0.1432682781760278,20,786
hsa_circrna_406557,prostatic neoplasms,0.2442265883088112,0.1432682781760278,20,787
cbl.11,colorectal neoplasms,0.2442265883088112,0.1432682781760278,20,788
